context,frequency,fivePrimeA,fivePrimeT,fivePrimeC,fivePrimeG,threePrimeA,threePrimeT,threePrimeC,threePrimeG
TACC,0.8150562168182014,0,1,0,0,0,0,1,0
CACA,0.7837413693134395,0,0,1,0,1,0,0,0
CACG,2.398664345791326,0,0,1,0,0,0,0,1
CACC,0.5910344819079126,0,0,1,0,0,0,1,0
AACC,1.0058110053145366,1,0,0,0,0,0,1,0
CACT,1.5809312736032193,0,0,1,0,0,1,0,0
AACG,4.041757874696557,1,0,0,0,0,0,0,1
AACA,1.2534501018814763,1,0,0,0,1,0,0,0
AACT,2.2763064396783625,1,0,0,0,0,1,0,0
TACT,1.0487008035068912,0,1,0,0,0,1,0,0
GACA,0.31589910782569547,0,0,0,1,1,0,0,0
GACG,0.9941889946854636,0,0,0,1,0,0,0,1
GACT,0.4861728485101693,0,0,0,1,0,1,0,0
TACA,0.5958273020924476,0,1,0,0,1,0,0,0
TACG,2.3747852163892182,0,1,0,0,0,0,0,1
GACC,0.24807795248645853,0,0,0,1,0,0,1,0
