sequenceContext,normalizedCounts
CCCG,1.9224825220505621
TCCC,2.2614405477113313
CCCC,1.2601408824778138
ACCC,0.5930198348217696
GCCC,0.45283634195161127
TCCT,1.7036831387812936
GCCT,0.41228922525719464
ACCG,1.2619353171290775
CCCT,1.0194344736099263
ACCT,0.5553811779064255
TCCA,1.2827872445250537
CCCA,0.7358220138088489
GCCG,0.9805655263900737
GCCA,0.28493223711022875
TCCG,3.1706376323625407
ACCA,0.4948864159011276
