sequenceContext,normalizedCounts
CACA,0.6439187257123463
CACC,0.5114317389353185
AACC,1.0112332401457502
AACG,3.9966145580930683
CACT,1.3287665078256663
AACA,1.1979397747954987
AACT,2.162848371682573
GACA,0.2903026351248572
CACG,1.9816445512874552
GACT,0.4587425771309696
TACA,0.5527478896896062
TACT,0.9959190421392019
TACC,0.7989605454850136
GACC,0.24530664672142927
TACG,2.2891274906839465
GACG,1.0040809578607983
