sequenceContext,normalizedCounts
CACG,3.9088153440118005
CACT,2.5033846427331428
CACA,1.301395168256352
AACT,2.189439195885564
TACT,1.0208408017735342
CACC,0.8614405835919282
GACG,0.9791591982264656
AACA,1.1078707782329185
TACC,0.624149067748035
TACG,2.3354415186939987
AACG,3.5749513844766208
AACC,0.6749898736330369
GACC,0.2245217469078727
TACA,0.6382500465793306
GACA,0.3574330349786492
GACT,0.49004078671231016
