context,frequency,fivePrimeA,fivePrimeT,fivePrimeC,fivePrimeG,threePrimeA,threePrimeT,threePrimeC,threePrimeG
CCCG,1.9224825220505621,0,0,1,0,0,0,0,1
TCCC,2.2614405477113313,0,1,0,0,0,0,1,0
CCCC,1.2601408824778138,0,0,1,0,0,0,1,0
ACCC,0.5930198348217696,1,0,0,0,0,0,1,0
GCCC,0.45283634195161127,0,0,0,1,0,0,1,0
TCCT,1.7036831387812936,0,1,0,0,0,1,0,0
GCCT,0.41228922525719464,0,0,0,1,0,1,0,0
ACCG,1.2619353171290775,1,0,0,0,0,0,0,1
CCCT,1.0194344736099263,0,0,1,0,0,1,0,0
ACCT,0.5553811779064255,1,0,0,0,0,1,0,0
TCCA,1.2827872445250537,0,1,0,0,1,0,0,0
CCCA,0.7358220138088489,0,0,1,0,1,0,0,0
GCCG,0.9805655263900737,0,0,0,1,0,0,0,1
GCCA,0.28493223711022875,0,0,0,1,1,0,0,0
TCCG,3.1706376323625407,0,1,0,0,0,0,0,1
ACCA,0.4948864159011276,1,0,0,0,1,0,0,0
