sequenceContext,normalizedCounts
TACC,0.8150562168182014
CACA,0.7837413693134395
CACG,2.398664345791326
CACC,0.5910344819079126
AACC,1.0058110053145366
CACT,1.5809312736032193
AACG,4.041757874696557
AACA,1.2534501018814763
AACT,2.2763064396783625
TACT,1.0487008035068912
GACA,0.31589910782569547
GACG,0.9941889946854636
GACT,0.4861728485101693
TACA,0.5958273020924476
TACG,2.3747852163892182
GACC,0.24807795248645853
