sequenceContext,rawCounts
CACA,5.151587789337326e-05
CACC,4.091642929725448e-05
AACC,8.090239659273481e-05
AACG,0.0003197439355934742
CACT,0.00010630623156707267
AACA,9.583960940677565e-05
AACT,0.00017303586332921
GACA,2.3225283729203854e-05
CACG,0.0001585388879928261
GACT,3.670110162090177e-05
TACA,4.4221874056494034e-05
TACT,7.967720415300956e-05
TACC,6.39197964887507e-05
GACC,1.9625438357851597e-05
TACG,0.00018313865955983804
GACG,8.033018757607217e-05
