sequenceContext,rawCounts
CACG,0.00017521926085885853
CACT,0.0001122184519197371
CACA,5.833724016062894e-05
AACT,9.814531612146779e-05
TACT,4.5760916031848034e-05
CACC,3.861553157327805e-05
GACG,4.3892467634530416e-05
AACA,4.966218196684256e-05
TACC,2.7978537917913512e-05
TACG,0.00010469011725293132
AACG,0.00016025324403056665
AACC,3.025756305587148e-05
GACC,1.0064567158488516e-05
TACA,2.8610638150530322e-05
GACA,1.6022540509989455e-05
GACT,2.196690733164634e-05
