sequenceContext,rawCounts
TACC,5.486919476603483e-05
CACA,5.276109420640103e-05
CACG,0.00016147693674597668
CACC,3.978815869639723e-05
AACC,6.771071591094226e-05
CACT,0.00010642753735648017
AACG,0.00027208920740413883
AACA,8.43816614737648e-05
AACT,0.00015323986101654406
TACT,7.059803661586138e-05
GACA,2.1266176879638333e-05
GACG,6.692832771290001e-05
GACT,3.272892367964417e-05
TACA,4.011080905935065e-05
TACG,0.00015986940517334183
GACC,1.670048913346888e-05
